"STATION","NAME","DATE","DAPR","MDPR","PRCP","SNOW","SNWD","TMAX","TMIN","TOBS","WSFG","WT01","WT03","WT04","WT06","WT11"
"USC00310506","BANNER ELK, NC US","2019-01-01",,,"0.08","0.0","0.0","57","46","48",,,,,,
"USC00310506","BANNER ELK, NC US","2019-01-02",,,"0.00","0.0","0.0","50","34","37",,,,,,
"USC00310506","BANNER ELK, NC US","2019-01-03",,,"0.28","0.0","0.0","48","37","42",,,,,,
"USC00310506","BANNER ELK, NC US","2019-01-04",,,"0.11","0.0","0.0","47","42","46",,,,,,
"USC00310506","BANNER ELK, NC US","2019-01-05",,,"0.44","0.2","0.0","51","32","32",,,,,,
"USC00310506","BANNER ELK, NC US","2019-01-06",,,"0.00","0.0","0.0","42","32","35",,,,,,
"USC00310506","BANNER ELK, NC US","2019-01-07",,,"0.00","0.0","0.0","53","35","42",,,,,,
"USC00310506","BANNER ELK, NC US","2019-01-08",,,"0.00","0.0","0.0","50","41","41",,,,,,
"USC00310506","BANNER ELK, NC US","2019-01-09",,,"0.00","0.0","0.0","52","28","28",,,,,,
"USC00310506","BANNER ELK, NC US","2019-01-10",,,"0.00","0.0","0.0","34","16","16",,,,,,
"USC00310506","BANNER ELK, NC US","2019-01-11",,,"0.00","0.0","0.0","26","15","15",,,,,,
"USC00310506","BANNER ELK, NC US","2019-01-12",,,"0.01","0.1","0.0","47","15","30",,,,,,
"USC00310506","BANNER ELK, NC US","2019-01-13",,,"0.85","0.1","0.0","41","30","33",,,,,,
"USC00310506","BANNER ELK, NC US","2019-01-14",,,"0.16","0.0","0.0","41","32","32",,,,,,
"USC00310506","BANNER ELK, NC US","2019-01-15",,,"0.01","0.0","0.0","32","26","26",,,,,,
"USC00310506","BANNER ELK, NC US","2019-01-16",,,"0.02","0.0","0.0","33","20","22",,,,,,
"USC00310506","BANNER ELK, NC US","2019-01-17",,,"0.00","0.0","0.0","36","22","29",,,,,,
"USC00310506","BANNER ELK, NC US","2019-01-18",,,"0.16","0.5","0.0","36","29","36",,,,,,
"USC00310506","BANNER ELK, NC US","2019-01-19",,,"0.01","0.0","0.0","39","34","38",,,,,,
"USC00310506","BANNER ELK, NC US","2019-01-20",,,"0.44","0.0","0.0","45","26","26",,,,,,
"USC00310506","BANNER ELK, NC US","2019-01-21",,,"0.02","0.6","1.0","26","3","3",,,,,,
"USC00310506","BANNER ELK, NC US","2019-01-22",,,"0.00","0.0","0.0","25","3","19",,,,,,
"USC00310506","BANNER ELK, NC US","2019-01-23",,,"0.06","0.0","0.0","38","19","38",,,,,,
"USC00310506","BANNER ELK, NC US","2019-01-24",,,"1.00","0.0","0.0","47","38","39",,,,,,
"USC00310506","BANNER ELK, NC US","2019-01-25",,,"0.08","0.1","0.0","39","21","22",,,,,,
"USC00310506","BANNER ELK, NC US","2019-01-26",,,"0.00","0.0","0.0","30","16","17",,,,,,
"USC00310506","BANNER ELK, NC US","2019-01-27",,,"0.00","0.0","0.0","32","17","21",,,,,,
"USC00310506","BANNER ELK, NC US","2019-01-28",,,"0.00","0.0","0.0","36","21","24",,,,,,
"USC00310506","BANNER ELK, NC US","2019-01-29",,,"0.00","0.0","0.0","42","24","34",,,,,,
"USC00310506","BANNER ELK, NC US","2019-01-30",,,"0.12","0.8","1.0","34","12","16",,,,,,
"USC00310506","BANNER ELK, NC US","2019-01-31",,,"0.00","0.0","1.0","25","10","15",,,,,,
"USC00310506","BANNER ELK, NC US","2019-02-01",,,"0.00","0.0","0.0","27","15","19",,,,,,
"USC00310506","BANNER ELK, NC US","2019-02-02",,,"0.00","0.0","0.0","51","19","32",,,,,,
"USC00310506","BANNER ELK, NC US","2019-02-03",,,"0.00","0.0","0.0","53","28","30",,,,,,
"USC00310506","BANNER ELK, NC US","2019-02-04",,,"0.00","0.0","0.0","55","27","27",,,,,,
"USC00310506","BANNER ELK, NC US","2019-02-05",,,"0.00","0.0","0.0","58","27","45",,,,,,
"USC00310506","BANNER ELK, NC US","2019-02-06",,,"0.00","0.0","0.0","57","36","41",,,,,,
"USC00310506","BANNER ELK, NC US","2019-02-07",,,"0.46","0.0","0.0","64","41","52",,,,,,
"USC00310506","BANNER ELK, NC US","2019-02-08",,,"0.02","0.0","0.0","69","40","40",,,,,,
"USC00310506","BANNER ELK, NC US","2019-02-09",,,"0.00","0.0","0.0","40","24","24",,,,,,
"USC00310506","BANNER ELK, NC US","2019-02-10",,,"0.00","0.0","0.0","45","24","31",,,,,,
"USC00310506","BANNER ELK, NC US","2019-02-11",,,"0.12","0.0","0.0","47","31","47",,,,,,
"USC00310506","BANNER ELK, NC US","2019-02-12",,,"0.10","0.0","0.0","58","41","41",,,,,,
"USC00310506","BANNER ELK, NC US","2019-02-13",,,"0.34","0.0","0.0","49","25","25",,,,,,
"USC00310506","BANNER ELK, NC US","2019-02-14",,,"0.00","0.0","0.0","36","23","25",,,,,,
"USC00310506","BANNER ELK, NC US","2019-02-15",,,"0.00","0.0","0.0","49","25","42",,,,,,
"USC00310506","BANNER ELK, NC US","2019-02-16",,,"0.22","0.0","0.0","47","41","41",,,,,,
"USC00310506","BANNER ELK, NC US","2019-02-17",,,"0.01","0.0","0.0","45","35","35",,,,,,
"USC00310506","BANNER ELK, NC US","2019-02-18",,,"0.38","0.0","0.0","47","35","36",,,,,,
"USC00310506","BANNER ELK, NC US","2019-02-19",,,"0.00","0.0","0.0","40","26","26",,,,,,
"USC00310506","BANNER ELK, NC US","2019-02-20",,,"0.28","0.0","0.0","45","26","34",,,,,,
"USC00310506","BANNER ELK, NC US","2019-02-21",,,"0.48","0.0","0.0","48","34","48",,,,,,
"USC00310506","BANNER ELK, NC US","2019-02-22",,,"0.29","0.0","0.0","55","41","43",,,,,,
"USC00310506","BANNER ELK, NC US","2019-02-23",,,"0.72","0.0","0.0","49","40","40",,,,,,
"USC00310506","BANNER ELK, NC US","2019-02-24",,,"0.92","0.0","0.0","52","40","52",,,,,,
"USC00310506","BANNER ELK, NC US","2019-02-25",,,"0.00","0.0","0.0","52","26","27",,,,,,
"USC00310506","BANNER ELK, NC US","2019-02-26",,,"0.00","0.0","0.0","43","25","26",,,,,,
"USC00310506","BANNER ELK, NC US","2019-02-27",,,"0.00","0.0","0.0","54","26","39",,,,,,
"USC00310506","BANNER ELK, NC US","2019-02-28",,,"0.00","0.0","0.0","57","39","46",,,,,,
"USC00310506","BANNER ELK, NC US","2019-03-01",,,"0.05","0.0","0.0","53","46","47",,,,,,
"USC00310506","BANNER ELK, NC US","2019-03-02",,,"0.50","0.0","0.0","51","36","36",,,,,,
"USC00310506","BANNER ELK, NC US","2019-03-03",,,"0.00","0.0","0.0","58","36","43",,,,,,
"USC00310506","BANNER ELK, NC US","2019-03-04",,,"0.29","0.5","0.0","45","24","24",,,,,,
"USC00310506","BANNER ELK, NC US","2019-03-05",,,"0.00","0.0","0.0","24","17","18",,,,,,
"USC00310506","BANNER ELK, NC US","2019-03-06",,,"0.00","0.0","0.0","29","10","10",,,,,,
"USC00310506","BANNER ELK, NC US","2019-03-07",,,"0.00","0.0","0.0","28","10","21",,,,,,
"USC00310506","BANNER ELK, NC US","2019-03-08",,,"0.00","0.0","0.0","38","21","32",,,,,,
"USC00310506","BANNER ELK, NC US","2019-03-09",,,"0.42","0.0","0.0","37","32","34",,,,,,
"USC00310506","BANNER ELK, NC US","2019-03-10",,,"0.86","0.0","0.0","52","34","42",,,,,,
"USC00310506","BANNER ELK, NC US","2019-03-11",,,"0.00","0.0","0.0","61","36","36",,,,,,
"USC00310506","BANNER ELK, NC US","2019-03-12",,,"0.00","0.0","0.0","51","31","31",,,,,,
"USC00310506","BANNER ELK, NC US","2019-03-13",,,"0.00","0.0","0.0","54","31","37",,,,,,
"USC00310506","BANNER ELK, NC US","2019-03-14",,,"0.00","0.0","0.0","56","37","48",,,,,,
"USC00310506","BANNER ELK, NC US","2019-03-15",,,"0.13","0.0","0.0","57","48","54",,,,,,
"USC00310506","BANNER ELK, NC US","2019-03-16",,,"0.21","0.0","0.0","60","27","27",,,,,,
"USC00310506","BANNER ELK, NC US","2019-03-17",,,"0.00","0.0","0.0","42","27","28",,,,,,
"USC00310506","BANNER ELK, NC US","2019-03-18",,,"0.00","0.0","0.0","47","28","30",,,,,,
"USC00310506","BANNER ELK, NC US","2019-03-19",,,"0.00","0.0","0.0","38","19","19",,,,,,
"USC00310506","BANNER ELK, NC US","2019-03-20",,,"0.00","0.0","0.0","51","19","22",,,,,,
"USC00310506","BANNER ELK, NC US","2019-03-21",,,"0.00","0.0","0.0","54","22","31",,,,,,
"USC00310506","BANNER ELK, NC US","2019-03-22",,,"0.08","0.0","0.0","43","30","30",,,,,,
"USC00310506","BANNER ELK, NC US","2019-03-23",,,"0.00","0.0","0.0","47","28","29",,,,,,
"USC00310506","BANNER ELK, NC US","2019-03-24",,,"0.00","0.0","0.0","50","29","29",,,,,,
"USC00310506","BANNER ELK, NC US","2019-03-25",,,"0.00","0.0","0.0","63","29","35",,,,,,
"USC00310506","BANNER ELK, NC US","2019-03-26",,,"0.20","0.0","0.0","56","35","39",,,,,,
"USC00310506","BANNER ELK, NC US","2019-03-27",,,"0.00","0.0","0.0","44","25","25",,,,,,
"USC00310506","BANNER ELK, NC US","2019-03-28",,,"0.00","0.0","0.0","56","25","27",,,,,,
"USC00310506","BANNER ELK, NC US","2019-03-29",,,"0.00","0.0","0.0","64","27","35",,,,,,
"USC00310506","BANNER ELK, NC US","2019-03-30",,,"0.00","0.0","0.0","62","35","41",,,,,,
"USC00310506","BANNER ELK, NC US","2019-03-31",,,"0.22","0.0","0.0","65","38","38",,,,,,
"USC00310506","BANNER ELK, NC US","2019-04-01",,,"0.04","0.0","0.0","39","20","20",,,,,,
"USC00310506","BANNER ELK, NC US","2019-04-02",,,"0.00","0.0","0.0","48","20","31",,,,,,
"USC00310506","BANNER ELK, NC US","2019-04-03",,,"0.00","0.0","0.0","48","31","36",,,,,,
"USC00310506","BANNER ELK, NC US","2019-04-04",,,"0.00","0.0","0.0","57","35","36",,,,,,
"USC00310506","BANNER ELK, NC US","2019-04-05",,,"0.25","0.0","0.0","63","36","42",,,,,,
"USC00310506","BANNER ELK, NC US","2019-04-06",,,"0.15","0.0","0.0","54","39","40",,,,,,
"USC00310506","BANNER ELK, NC US","2019-04-07",,,"0.00","0.0","0.0","65","40","52",,,,,,
"USC00310506","BANNER ELK, NC US","2019-04-08",,,"0.21","0.0","0.0","64","48","50",,,,,,
"USC00310506","BANNER ELK, NC US","2019-04-09",,,"0.28","0.0","0.0","67","50","52",,,,,,
"USC00310506","BANNER ELK, NC US","2019-04-10",,,"0.06","0.0","0.0","66","37","39",,,,,,
"USC00310506","BANNER ELK, NC US","2019-04-11",,,"0.00","0.0","0.0","67","39","39",,,,,,
"USC00310506","BANNER ELK, NC US","2019-04-12",,,"0.02","0.0","0.0","64","39","56",,,,,,
"USC00310506","BANNER ELK, NC US","2019-04-13",,,"0.08","0.0","0.0","67","52","52",,,,,,
"USC00310506","BANNER ELK, NC US","2019-04-14",,,"0.43","0.0","0.0","64","52","57",,,,,,
"USC00310506","BANNER ELK, NC US","2019-04-15",,,"1.45","0.0","0.0","57","33","33",,,,,,
"USC00310506","BANNER ELK, NC US","2019-04-16",,,"0.00","0.0","0.0","44","31","33",,,,,,
"USC00310506","BANNER ELK, NC US","2019-04-17",,,"0.00","0.0","0.0","67","33","50",,,,,,
"USC00310506","BANNER ELK, NC US","2019-04-18",,,"0.00","0.0","0.0","72","47","49",,,,,,
"USC00310506","BANNER ELK, NC US","2019-04-19",,,"0.26","0.0","0.0","68","49","57",,,,,,
"USC00310506","BANNER ELK, NC US","2019-04-20",,,"2.31","0.0","0.0","59","38","39",,,,,,
"USC00310506","BANNER ELK, NC US","2019-04-21",,,"0.24","0.0","0.0","39","36","36",,,,,,
"USC00310506","BANNER ELK, NC US","2019-04-22",,,"0.00","0.0","0.0","47","36","40",,,,,,
"USC00310506","BANNER ELK, NC US","2019-04-23",,,"0.00","0.0","0.0","66","40","44",,,,,,
"USC00310506","BANNER ELK, NC US","2019-04-24",,,"0.00","0.0","0.0","73","44","55",,,,,,
"USC00310506","BANNER ELK, NC US","2019-04-25",,,"0.00","0.0","0.0","73","46","56",,,,,,
"USC00310506","BANNER ELK, NC US","2019-04-26",,,"0.15","0.0","0.0","67","52","53",,,,,,
"USC00310506","BANNER ELK, NC US","2019-04-27",,,"0.36","0.0","0.0","56","41","42",,,,,,
"USC00310506","BANNER ELK, NC US","2019-04-28",,,"0.00","0.0","0.0","66","42","57",,,,,,
"USC00310506","BANNER ELK, NC US","2019-04-29",,,"0.00","0.0","0.0","67","44","50",,,,,,
"USC00310506","BANNER ELK, NC US","2019-04-30",,,"0.00","0.0","0.0","65","47","51",,,,,,
"USC00310506","BANNER ELK, NC US","2019-05-01",,,"0.00","0.0","0.0","76","51","59",,,,,,
"USC00310506","BANNER ELK, NC US","2019-05-02",,,"0.00","0.0","0.0","73","56","60",,,,,,
"USC00310506","BANNER ELK, NC US","2019-05-03",,,"0.35","0.0","0.0","69","49","53",,,,,,
"USC00310506","BANNER ELK, NC US","2019-05-04",,,"0.62","0.0","0.0","70","50","54",,,,,,
"USC00310506","BANNER ELK, NC US","2019-05-05",,,"0.45","0.0","0.0","71","54","56",,,,,,
"USC00310506","BANNER ELK, NC US","2019-05-06",,,"0.20","0.0","0.0","66","49","51",,,,,,
"USC00310506","BANNER ELK, NC US","2019-05-07",,,"0.00","0.0","0.0","67","48","53",,,,,,
"USC00310506","BANNER ELK, NC US","2019-05-08",,,"0.00","0.0","0.0","68","49","52",,,,,,
"USC00310506","BANNER ELK, NC US","2019-05-09",,,"0.00","0.0","0.0","70","52","58",,,,,,
"USC00310506","BANNER ELK, NC US","2019-05-10",,,"0.07","0.0","0.0","69","58","59",,,,,,
"USC00310506","BANNER ELK, NC US","2019-05-11",,,"0.10","0.0","0.0","71","56","58",,,,,,
"USC00310506","BANNER ELK, NC US","2019-05-12",,,"0.41","0.0","0.0","63","58","59",,,,,,
"USC00310506","BANNER ELK, NC US","2019-05-13",,,"0.35","0.0","0.0","63","49","49",,,,,,
"USC00310506","BANNER ELK, NC US","2019-05-14",,,"0.00","0.0","0.0","53","41","42",,,,,,
"USC00310506","BANNER ELK, NC US","2019-05-15",,,"0.00","0.0","0.0","54","34","38",,,,,,
"USC00310506","BANNER ELK, NC US","2019-05-16",,,"0.00","0.0","0.0","62","38","45",,,,,,
"USC00310506","BANNER ELK, NC US","2019-05-17",,,"0.00","0.0","0.0","68","45","54",,,,,,
"USC00310506","BANNER ELK, NC US","2019-05-18",,,"0.00","0.0","0.0","74","52","54",,,,,,
"USC00310506","BANNER ELK, NC US","2019-05-19",,,"0.32","0.0","0.0","77","54","59",,,,,,
"USC00310506","BANNER ELK, NC US","2019-05-20",,,"0.00","0.0","0.0","75","54","58",,,,,,
"USC00310506","BANNER ELK, NC US","2019-05-21",,,"0.00","0.0","0.0","73","47","49",,,,,,
"USC00310506","BANNER ELK, NC US","2019-05-22",,,"0.00","0.0","0.0","74","49","60",,,,,,
"USC00310506","BANNER ELK, NC US","2019-05-23",,,"0.00","0.0","0.0","74","60","64",,,,,,
"USC00310506","BANNER ELK, NC US","2019-05-24",,,"0.00","0.0","0.0","76","58","61",,,,,,
"USC00310506","BANNER ELK, NC US","2019-05-25",,,"0.00","0.0","0.0","77","52","56",,,,,,
"USC00310506","BANNER ELK, NC US","2019-05-26",,,"0.00","0.0","0.0","79","56","58",,,,,,
"USC00310506","BANNER ELK, NC US","2019-05-27",,,"0.00","0.0","0.0","78","58","63",,,,,,
"USC00310506","BANNER ELK, NC US","2019-05-28",,,"0.00","0.0","0.0","76","58","62",,,,,,
"USC00310506","BANNER ELK, NC US","2019-05-29",,,"0.00","0.0","0.0","78","58","60",,,,,,
"USC00310506","BANNER ELK, NC US","2019-05-30",,,"0.00","0.0","0.0","79","55","67",,,,,,
"USC00310506","BANNER ELK, NC US","2019-05-31",,,"0.48","0.0","0.0","80","58","60",,,,,,
"USC00310506","BANNER ELK, NC US","2019-06-01",,,"0.02","0.0","0.0","69","54","55",,,,,,
"USC00310506","BANNER ELK, NC US","2019-06-02",,,"0.00","0.0","0.0","71","49","53",,,,,,
"USC00310506","BANNER ELK, NC US","2019-06-03",,,"0.00","0.0","0.0","72","50","56",,,,,,
"USC00310506","BANNER ELK, NC US","2019-06-04",,,"0.00","0.0","0.0","69","48","49",,,,,,
"USC00310506","BANNER ELK, NC US","2019-06-05",,,"0.00","0.0","0.0","73","49","63",,,,,,
"USC00310506","BANNER ELK, NC US","2019-06-06",,,"0.18","0.0","0.0","70","63","64",,,,,,
"USC00310506","BANNER ELK, NC US","2019-06-07",,,"0.20","0.0","0.0","72","61","63",,,,,,
"USC00310506","BANNER ELK, NC US","2019-06-08",,,"1.16","0.0","0.0","67","61","62",,,,,,
"USC00310506","BANNER ELK, NC US","2019-06-09",,,"2.65","0.0","0.0","68","62","62",,,,,,
"USC00310506","BANNER ELK, NC US","2019-06-10",,,"1.97","0.0","0.0","65","62","63",,,,,,
"USC00310506","BANNER ELK, NC US","2019-06-11",,,"0.40","0.0","0.0","70","52","52",,,,,,
"USC00310506","BANNER ELK, NC US","2019-06-12",,,"0.00","0.0","0.0","68","51","55",,,,,,
"USC00310506","BANNER ELK, NC US","2019-06-13",,,"0.00","0.0","0.0","63","55","55",,,,,,
"USC00310506","BANNER ELK, NC US","2019-06-14",,,"0.00","0.0","0.0","61","47","49",,,,,,
"USC00310506","BANNER ELK, NC US","2019-06-15",,,"0.00","0.0","0.0","71","49","57",,,,,,
"USC00310506","BANNER ELK, NC US","2019-06-16",,,"0.00","0.0","0.0","74","55","60",,,,,,
"USC00310506","BANNER ELK, NC US","2019-06-17",,,"0.00","0.0","0.0","78","58","63",,,,,,
"USC00310506","BANNER ELK, NC US","2019-06-18",,,"0.32","0.0","0.0","78","60","63",,,,,,
"USC00310506","BANNER ELK, NC US","2019-06-19",,,"0.68","0.0","0.0","72","61","62",,,,,,
"USC00310506","BANNER ELK, NC US","2019-06-20",,,"0.07","0.0","0.0","71","59","65",,,,,,
"USC00310506","BANNER ELK, NC US","2019-06-21",,,"0.16","0.0","0.0","68","58","59",,,,,,
"USC00310506","BANNER ELK, NC US","2019-06-22",,,"0.28","0.0","0.0","70","59","60",,,,,,
"USC00310506","BANNER ELK, NC US","2019-06-23",,,"0.02","0.0","0.0","71","58","60",,,,,,
"USC00310506","BANNER ELK, NC US","2019-06-24",,,"0.00","0.0","0.0","72","57","60",,,,,,
"USC00310506","BANNER ELK, NC US","2019-06-25",,,"0.81","0.0","0.0","78","60","62",,,,,,
"USC00310506","BANNER ELK, NC US","2019-06-26",,,"0.00","0.0","0.0","70","55","59",,,,,,
"USC00310506","BANNER ELK, NC US","2019-06-27",,,"0.00","0.0","0.0","73","55","58",,,,,,
"USC00310506","BANNER ELK, NC US","2019-06-28",,,"0.00","0.0","0.0","77","56","59",,,,,,
"USC00310506","BANNER ELK, NC US","2019-06-29",,,"0.19","0.0","0.0","77","57","59",,,,,,
"USC00310506","BANNER ELK, NC US","2019-06-30",,,"0.00","0.0","0.0","76","57","60",,,,,,
"USC00310506","BANNER ELK, NC US","2019-07-01",,,"0.12","0.0","0.0","76","60","64",,,,,,
"USC00310506","BANNER ELK, NC US","2019-07-02",,,"0.00","0.0","0.0","76","59","64",,,,,,
"USC00310506","BANNER ELK, NC US","2019-07-03",,,"0.00","0.0","0.0","77","61","65",,,,,,
"USC00310506","BANNER ELK, NC US","2019-07-04",,,"0.18","0.0","0.0","75","60","63",,,,,,
"USC00310506","BANNER ELK, NC US","2019-07-05",,,"0.39","0.0","0.0","77","60","64",,,,,,
"USC00310506","BANNER ELK, NC US","2019-07-06",,,"0.01","0.0","0.0","80","61","66",,,,,,
"USC00310506","BANNER ELK, NC US","2019-07-07",,,"0.30","0.0","0.0","78","62","67",,,,,,
"USC00310506","BANNER ELK, NC US","2019-07-08",,,"0.00","0.0","0.0","80","61","66",,,,,,
"USC00310506","BANNER ELK, NC US","2019-07-09",,,"0.01","0.0","0.0","79","63","68",,,,,,
"USC00310506","BANNER ELK, NC US","2019-07-10",,,"0.00","0.0","0.0","75","61","65",,,,,,
"USC00310506","BANNER ELK, NC US","2019-07-11",,,"0.14","0.0","0.0","77","65","69",,,,,,
"USC00310506","BANNER ELK, NC US","2019-07-12",,,"0.23","0.0","0.0","73","63","67",,,,,,
"USC00310506","BANNER ELK, NC US","2019-07-13",,,"0.01","0.0","0.0","78","58","63",,,,,,
"USC00310506","BANNER ELK, NC US","2019-07-14",,,"0.01","0.0","0.0","78","63","66",,,,,,
"USC00310506","BANNER ELK, NC US","2019-07-15",,,"0.00","0.0","0.0","78","63","64",,,,,,
"USC00310506","BANNER ELK, NC US","2019-07-16",,,"0.00","0.0","0.0","81","62","65",,,,,,
"USC00310506","BANNER ELK, NC US","2019-07-17",,,"0.00","0.0","0.0","83","61","68",,,,,,
"USC00310506","BANNER ELK, NC US","2019-07-18",,,"0.18","0.0","0.0","77","65","68",,,,,,
"USC00310506","BANNER ELK, NC US","2019-07-19",,,"0.08","0.0","0.0","76","66","67",,,,,,
"USC00310506","BANNER ELK, NC US","2019-07-20",,,"0.00","0.0","0.0","81","63","66",,,,,,
"USC00310506","BANNER ELK, NC US","2019-07-21",,,"0.07","0.0","0.0","81","64","67",,,,,,
"USC00310506","BANNER ELK, NC US","2019-07-22",,,"1.06","0.0","0.0","81","64","66",,,,,,
"USC00310506","BANNER ELK, NC US","2019-07-23",,,"0.52","0.0","0.0","77","63","63",,,,,,
"USC00310506","BANNER ELK, NC US","2019-07-24",,,"0.44","0.0","0.0","65","48","52",,,,,,
"USC00310506","BANNER ELK, NC US","2019-07-25",,,"0.00","0.0","0.0","68","46","50",,,,,,
"USC00310506","BANNER ELK, NC US","2019-07-26",,,"0.00","0.0","0.0","72","50","54",,,,,,
"USC00310506","BANNER ELK, NC US","2019-07-27",,,"0.01","0.0","0.0","72","50","53",,,,,,
"USC00310506","BANNER ELK, NC US","2019-07-28",,,"0.00","0.0","0.0","75","52","55",,,,,,
"USC00310506","BANNER ELK, NC US","2019-07-29",,,"0.00","0.0","0.0","76","55","58",,,,,,
"USC00310506","BANNER ELK, NC US","2019-07-30",,,"0.08","0.0","0.0","76","55","57",,,,,,
"USC00310506","BANNER ELK, NC US","2019-07-31",,,"0.77","0.0","0.0","77","57","61",,,,,,
"USC00310506","BANNER ELK, NC US","2019-08-01",,,"0.01","0.0","0.0","76","56","59",,,,,,
"USC00310506","BANNER ELK, NC US","2019-08-02",,,"0.08","0.0","0.0","77","59","61",,,,,,
"USC00310506","BANNER ELK, NC US","2019-08-03",,,"0.40","0.0","0.0","74","55","58",,,,,,
"USC00310506","BANNER ELK, NC US","2019-08-04",,,"0.17","0.0","0.0","76","54","56",,,,,,
"USC00310506","BANNER ELK, NC US","2019-08-05",,,"0.00","0.0","0.0","77","56","61",,,,,,
"USC00310506","BANNER ELK, NC US","2019-08-06",,,"0.25","0.0","0.0","74","54","56",,,,,,
"USC00310506","BANNER ELK, NC US","2019-08-07",,,"0.00","0.0","0.0","75","55","57",,,,,,
"USC00310506","BANNER ELK, NC US","2019-08-08",,,"0.00","0.0","0.0","75","57","63",,,,,,
"USC00310506","BANNER ELK, NC US","2019-08-09",,,"0.00","0.0","0.0","76","56","59",,,,,,
"USC00310506","BANNER ELK, NC US","2019-08-10",,,"0.00","0.0","0.0","77","58","61",,,,,,
"USC00310506","BANNER ELK, NC US","2019-08-11",,,"0.00","0.0","0.0","77","55","57",,,,,,
"USC00310506","BANNER ELK, NC US","2019-08-12",,,"0.00","0.0","0.0","76","57","61",,,,,,
"USC00310506","BANNER ELK, NC US","2019-08-13",,,"0.00","0.0","0.0","78","61","67",,,,,,
"USC00310506","BANNER ELK, NC US","2019-08-14",,,"0.21","0.0","0.0","79","65","67",,,,,,
"USC00310506","BANNER ELK, NC US","2019-08-15",,,"0.00","0.0","0.0","77","57","62",,,,,,
"USC00310506","BANNER ELK, NC US","2019-08-16",,,"0.08","0.0","0.0","77","56","57",,,,,,
"USC00310506","BANNER ELK, NC US","2019-08-17",,,"0.00","0.0","0.0","79","57","59",,,,,,
"USC00310506","BANNER ELK, NC US","2019-08-18",,,"0.00","0.0","0.0","80","56","57",,,,,,
"USC00310506","BANNER ELK, NC US","2019-08-19",,,"0.00","0.0","0.0","82","57","61",,,,,,
"USC00310506","BANNER ELK, NC US","2019-08-20",,,"0.00","0.0","0.0","80","57","59",,,,,,
"USC00310506","BANNER ELK, NC US","2019-08-21",,,"0.01","0.0","0.0","81","59","67",,,,,,
"USC00310506","BANNER ELK, NC US","2019-08-22",,,"0.00","0.0","0.0","80","61","64",,,,,,
"USC00310506","BANNER ELK, NC US","2019-08-23",,,"0.45","0.0","0.0","77","62","63",,,,,,
"USC00310506","BANNER ELK, NC US","2019-08-24",,,"0.11","0.0","0.0","77","63","64",,,,,,
"USC00310506","BANNER ELK, NC US","2019-08-25",,,"0.01","0.0","0.0","64","56","56",,,,,,
"USC00310506","BANNER ELK, NC US","2019-08-26",,,"0.00","0.0","0.0","62","56","57",,,,,,
"USC00310506","BANNER ELK, NC US","2019-08-27",,,"0.06","0.0","0.0","62","57","59",,,,,,
"USC00310506","BANNER ELK, NC US","2019-08-28",,,"0.01","0.0","0.0","67","59","63",,,,,,
"USC00310506","BANNER ELK, NC US","2019-08-29",,,"0.00","0.0","0.0","72","50","52",,,,,,
"USC00310506","BANNER ELK, NC US","2019-08-30",,,"0.00","0.0","0.0","73","45","46",,,,,,
"USC00310506","BANNER ELK, NC US","2019-08-31",,,"0.00","0.0","0.0","78","46","52",,,,,,
"USC00310506","BANNER ELK, NC US","2019-09-01",,,"0.00","0.0","0.0","77","52","55",,,,,,
"USC00310506","BANNER ELK, NC US","2019-09-02",,,"0.00","0.0","0.0","75","51","53",,,,,,
"USC00310506","BANNER ELK, NC US","2019-09-03",,,"0.00","0.0","0.0","78","53","55",,,,,,
"USC00310506","BANNER ELK, NC US","2019-09-04",,,"0.00","0.0","0.0","80","55","55",,,,,,
"USC00310506","BANNER ELK, NC US","2019-09-05",,,"0.00","0.0","0.0","83","55","60",,,,,,
"USC00310506","BANNER ELK, NC US","2019-09-06",,,"0.00","0.0","0.0","78","60","60",,,,,,
"USC00310506","BANNER ELK, NC US","2019-09-07",,,"0.00","0.0","0.0","73","60","65",,,,,,
"USC00310506","BANNER ELK, NC US","2019-09-08",,,"0.00","0.0","0.0","75","50","51",,,,,,
"USC00310506","BANNER ELK, NC US","2019-09-09",,,"0.00","0.0","0.0","78","51",,,,,,,
"USC00310506","BANNER ELK, NC US","2019-09-10",,,"0.00","0.0","0.0","82","54","62",,,,,,
"USC00310506","BANNER ELK, NC US","2019-09-11",,,"0.21","0.0","0.0","81","58","58",,,,,,
"USC00310506","BANNER ELK, NC US","2019-09-12",,,"0.00","0.0","0.0","81","57","57",,,,,,
"USC00310506","BANNER ELK, NC US","2019-09-13",,,"0.00","0.0","0.0","82","57","58",,,,,,
"USC00310506","BANNER ELK, NC US","2019-09-14",,,"0.38","0.0","0.0","78","58","66",,,,,,
"USC00310506","BANNER ELK, NC US","2019-09-15",,,"0.01","0.0","0.0","76","54","54",,,,,,
"USC00310506","BANNER ELK, NC US","2019-09-16",,,"0.00","0.0","0.0","80","50","50",,,,,,
"USC00310506","BANNER ELK, NC US","2019-09-17",,,"0.00","0.0","0.0","80","50","56",,,,,,
"USC00310506","BANNER ELK, NC US","2019-09-18",,,"0.00","0.0","0.0","80","56","64",,,,,,
"USC00310506","BANNER ELK, NC US","2019-09-19",,,"0.01","0.0","0.0","65","55","55",,,,,,
"USC00310506","BANNER ELK, NC US","2019-09-20",,,"0.00","0.0","0.0","60","46","46",,,,,,
"USC00310506","BANNER ELK, NC US","2019-09-21",,,"0.00","0.0","0.0","71","46","50",,,,,,
"USC00310506","BANNER ELK, NC US","2019-09-22",,,"0.00","0.0","0.0","74","50","50",,,,,,
"USC00310506","BANNER ELK, NC US","2019-09-23",,,"0.00","0.0","0.0","77","48","48",,,,,,
"USC00310506","BANNER ELK, NC US","2019-09-24",,,"0.00","0.0","0.0","76","48","61",,,,,,
"USC00310506","BANNER ELK, NC US","2019-09-25",,,"0.00","0.0","0.0","73","47","47",,,,,,
"USC00310506","BANNER ELK, NC US","2019-09-26",,,"0.00","0.0","0.0","77","47","55",,,,,,
"USC00310506","BANNER ELK, NC US","2019-09-27",,,"0.00","0.0","0.0","73","55","59",,,,,,
"USC00310506","BANNER ELK, NC US","2019-09-28",,,"0.00","0.0","0.0","78","59","65",,,,,,
"USC00310506","BANNER ELK, NC US","2019-09-29",,,"0.06","0.0","0.0","79","57","57",,,,,,
"USC00310506","BANNER ELK, NC US","2019-09-30",,,"0.55","0.0","0.0","78","56","56",,,,,,
"USC00310506","BANNER ELK, NC US","2019-10-01",,,"0.00","0.0","0.0","78","56","56",,,,,,
"USC00310506","BANNER ELK, NC US","2019-10-02",,,"0.00","0.0","0.0","81","55","55",,,,,,
"USC00310506","BANNER ELK, NC US","2019-10-03",,,"0.00","0.0","0.0","80","53","53",,,,,,
"USC00310506","BANNER ELK, NC US","2019-10-04",,,"0.00","0.0","0.0","82","52","52",,,,,,
"USC00310506","BANNER ELK, NC US","2019-10-05",,,"0.00","0.0","0.0","79","52","55",,,,,,
"USC00310506","BANNER ELK, NC US","2019-10-06",,,"0.00","0.0","0.0","58","53","58",,,,,,
"USC00310506","BANNER ELK, NC US","2019-10-07",,,"0.02","0.0","0.0","64","58","59",,,,,,
"USC00310506","BANNER ELK, NC US","2019-10-08",,,"0.30","0.0","0.0","64","57","57",,,,,,
"USC00310506","BANNER ELK, NC US","2019-10-09",,,"0.90","0.0","0.0","60","52","52",,,,,,
"USC00310506","BANNER ELK, NC US","2019-10-10",,,"0.00","0.0","0.0","66","48","48",,,,,,
"USC00310506","BANNER ELK, NC US","2019-10-11",,,"0.00","0.0","0.0","68","48",,,,,,,
"USC00310506","BANNER ELK, NC US","2019-10-12",,,"0.00","0.0","0.0","68","49","53",,,,,,
"USC00310506","BANNER ELK, NC US","2019-10-13",,,"0.00","0.0","0.0","66","49","54",,,,,,
"USC00310506","BANNER ELK, NC US","2019-10-14",,,"0.00","0.0","0.0","67","38","44",,,,,,
"USC00310506","BANNER ELK, NC US","2019-10-15",,,"0.00","0.0","0.0","66","32","32",,,,,,
"USC00310506","BANNER ELK, NC US","2019-10-16",,,"0.05","0.0","0.0","65","32","54",,,,,,
"USC00310506","BANNER ELK, NC US","2019-10-17",,,"0.28","0.0","0.0","57","35","35",,,,,,
"USC00310506","BANNER ELK, NC US","2019-10-18",,,"0.00","0.0","0.0","48","32","33",,,,,,
"USC00310506","BANNER ELK, NC US","2019-10-19",,,"0.00","0.0","0.0","61","33","39",,,,,,
"USC00310506","BANNER ELK, NC US","2019-10-20",,,"1.08","0.0","0.0","55","39","51",,,,,,
"USC00310506","BANNER ELK, NC US","2019-10-21",,,"0.01","0.0","0.0","56","40","54",,,,,,
"USC00310506","BANNER ELK, NC US","2019-10-22",,,"0.05","0.0","0.0","60","54","58",,,,,,
"USC00310506","BANNER ELK, NC US","2019-10-23",,,"0.44","0.0","0.0","58","37","37",,,,,,
"USC00310506","BANNER ELK, NC US","2019-10-24",,,"0.00","0.0","0.0","54","29","29",,,,,,
"USC00310506","BANNER ELK, NC US","2019-10-25",,,"0.00","0.0","0.0","62","29","39",,,,,,
"USC00310506","BANNER ELK, NC US","2019-10-26",,,"0.12","0.0","0.0","62","39","54",,,,,,
"USC00310506","BANNER ELK, NC US","2019-10-27",,,"0.92","0.0","0.0","64","54","56",,,,,,
"USC00310506","BANNER ELK, NC US","2019-10-28",,,"0.00","0.0","0.0","64","45",,,,,,,
"USC00310506","BANNER ELK, NC US","2019-10-29",,,"0.00","0.0","0.0","66","47",,,,,,,
"USC00310506","BANNER ELK, NC US","2019-10-30",,,"0.01","0.0","0.0","64","47",,,,,,,
"USC00310506","BANNER ELK, NC US","2019-10-31",,,"0.64","0.0","0.0","63","50",,,,,,,
"USC00310506","BANNER ELK, NC US","2019-11-01",,,"0.42","0.0","0.0","65","25",,,,,,,
"USC00310506","BANNER ELK, NC US","2019-11-02",,,"0.00","0.0","0.0","46","25","27",,,,,,
"USC00310506","BANNER ELK, NC US","2019-11-03",,,"0.00","0.0","0.0","47","27","33",,,,,,
"USC00310506","BANNER ELK, NC US","2019-11-04",,,"0.00","0.0","0.0","48","30","30",,,,,,
"USC00310506","BANNER ELK, NC US","2019-11-05",,,"0.00","0.0","0.0","48","30","34",,,,,,
"USC00310506","BANNER ELK, NC US","2019-11-06",,,"0.00","0.0","0.0","55","33","33",,,,,,
"USC00310506","BANNER ELK, NC US","2019-11-07",,,"0.00","0.0","0.0","61","33","39",,,,,,
"USC00310506","BANNER ELK, NC US","2019-11-08",,,"0.40","0.0","0.0","58","24","26",,,,,,
"USC00310506","BANNER ELK, NC US","2019-11-09",,,"0.00","0.0","0.0","35","20","21",,,,,,
"USC00310506","BANNER ELK, NC US","2019-11-10",,,"0.00","0.0","0.0","47","21","41",,,,,,
"USC00310506","BANNER ELK, NC US","2019-11-11",,,"0.00","0.0","0.0","62","33","33",,,,,,
"USC00310506","BANNER ELK, NC US","2019-11-12",,,"0.10","1.0","1.0","60","26","26",,,,,,
"USC00310506","BANNER ELK, NC US","2019-11-13",,,"0.00","0.0","1.0","26","10","10",,,,,,
"USC00310506","BANNER ELK, NC US","2019-11-14",,,"0.00","0.0","0.0","38","10","27",,,,,,
"USC00310506","BANNER ELK, NC US","2019-11-15",,,"0.00","0.0","0.0","45","27","31",,,,,,
"USC00310506","BANNER ELK, NC US","2019-11-16",,,"0.00","0.0","0.0","50","30","31",,,,,,
"USC00310506","BANNER ELK, NC US","2019-11-17",,,"0.00","0.0","0.0","53","31","35",,,,,,
"USC00310506","BANNER ELK, NC US","2019-11-18",,,"0.00","0.0","0.0","56","32",,,,,,,
"USC00310506","BANNER ELK, NC US","2019-11-19",,,"0.01","0.0","0.0","48","29","35",,,,,,
"USC00310506","BANNER ELK, NC US","2019-11-20",,,,"0.0","0.0","46","31",,,,,,,
"USC00310506","BANNER ELK, NC US","2019-11-21","    2","0.08",,"0.0","0.0","45","29","29",,,,,,
"USC00310506","BANNER ELK, NC US","2019-11-22",,,"0.00","0.0","0.0","60","29",,,,,,,
"USC00310506","BANNER ELK, NC US","2019-11-23",,,"0.03","0.0","0.0","52","41",,,,,,,
"USC00310506","BANNER ELK, NC US","2019-11-24",,,"1.16","0.3","0.0","47","27",,,,,,,
"USC00310506","BANNER ELK, NC US","2019-11-25",,,"0.00","0.0","0.0","53","27",,,,,,,
"USC00310506","BANNER ELK, NC US","2019-11-26",,,"0.00","0.0","0.0","55","24","28",,,,,,
"USC00310506","BANNER ELK, NC US","2019-11-27",,,"0.03","0.0","0.0","56","28",,,,,,,
"USC00310506","BANNER ELK, NC US","2019-11-28",,,"0.15","0.0","0.0","60","29",,,,,,,
"USC00310506","BANNER ELK, NC US","2019-11-29",,,"0.00","0.0","0.0","44","27",,,,,,,
"USC00310506","BANNER ELK, NC US","2019-11-30",,,"0.03","0.0","0.0","50","38",,,,,,,
"USC00310506","BANNER ELK, NC US","2019-12-01",,,"1.88","0.0","0.0","51","42","47",,,,,,
"USC00310506","BANNER ELK, NC US","2019-12-02",,,"0.03","0.2","0.0","53","26",,,,,,,
"USC00310506","BANNER ELK, NC US","2019-12-03",,,"0.09","1.5","2.0","28","21",,,,,,,
"USC00310506","BANNER ELK, NC US","2019-12-04",,,"0.00","0.0","1.0","31","21",,,,,,,
"USC00310506","BANNER ELK, NC US","2019-12-05",,,"0.00","0.0","0.0","37","24",,,,,,,
"USC00310506","BANNER ELK, NC US","2019-12-06",,,"0.00","0.0","0.0","44","27",,,,,,,
"USC00310506","BANNER ELK, NC US","2019-12-07",,,"0.00","0.0","0.0","46","29",,,,,,,
"USC00310506","BANNER ELK, NC US","2019-12-08",,,"0.00","0.0","0.0","49","30",,,,,,,
"USC00310506","BANNER ELK, NC US","2019-12-09",,,"0.05","0.0","0.0","45","33","45",,,,,,
"USC00310506","BANNER ELK, NC US","2019-12-10",,,"0.12","0.0","0.0","57","45","52",,,,,,
"USC00310506","BANNER ELK, NC US","2019-12-11",,,"0.22","0.8","1.0","52","20","20",,,,,,
"USC00310506","BANNER ELK, NC US","2019-12-12",,,"0.00","0.0","0.0","32","18","19",,,,,,
"USC00310506","BANNER ELK, NC US","2019-12-13",,,"0.22","0.0","0.0","42","19","42",,,,,,
"USC00310506","BANNER ELK, NC US","2019-12-14",,,"0.40","0.0","0.0","47","40","40",,,,,,
"USC00310506","BANNER ELK, NC US","2019-12-15",,,"0.11","0.0","0.0","40","33","34",,,,,,
"USC00310506","BANNER ELK, NC US","2019-12-16",,,"0.00","0.0","0.0","51","32","51",,,,,,
"USC00310506","BANNER ELK, NC US","2019-12-17",,,"0.23","0.0","0.0","60","50","52",,,,,,
"USC00310506","BANNER ELK, NC US","2019-12-18",,,"0.12","0.2","0.0","53","19","19",,,,,,
"USC00310506","BANNER ELK, NC US","2019-12-19",,,"0.00","0.0","0.0","25","13","13",,,,,,
"USC00310506","BANNER ELK, NC US","2019-12-20",,,"0.00","0.0","0.0","43","13","20",,,,,,
"USC00310506","BANNER ELK, NC US","2019-12-21",,,"0.00","0.0","0.0","47","20","26",,,,,,
"USC00310506","BANNER ELK, NC US","2019-12-22",,,"0.00","0.0","0.0","48","26","31",,,,,,
"USC00310506","BANNER ELK, NC US","2019-12-23",,,"0.38","0.0","0.0","48","31","36",,,,,,
"USC00310506","BANNER ELK, NC US","2019-12-24",,,"0.17","0.0","0.0","47","36",,,,,,,
"USC00310506","BANNER ELK, NC US","2019-12-25",,,"0.00","0.0","0.0","59","29","29",,,,,,
"USC00310506","BANNER ELK, NC US","2019-12-26",,,"0.00","0.0","0.0","61","29","29",,,,,,
"USC00310506","BANNER ELK, NC US","2019-12-27",,,"0.00","0.0","0.0","62","29","35",,,,,,
"USC00310506","BANNER ELK, NC US","2019-12-28",,,"0.00","0.0","0.0","57","35",,,,,,,
"USC00310506","BANNER ELK, NC US","2019-12-29",,,"0.02","0.0","0.0","58","34","55",,,,,,
"USC00310506","BANNER ELK, NC US","2019-12-30",,,"0.27","0.0","0.0","59","47","47",,,,,,
"USC00310506","BANNER ELK, NC US","2019-12-31",,,"0.00","0.0","0.0","50","31","31",,,,,,
"USC00310506","BANNER ELK, NC US","2020-01-01",,,"0.00","0.0","0.0","36","29","29",,,,,,
"USC00310506","BANNER ELK, NC US","2020-01-02",,,"0.00","0.0","0.0","38","26","32",,,,,,
"USC00310506","BANNER ELK, NC US","2020-01-03",,,"0.35","0.0","0.0","57","32","57",,,,,,
"USC00310506","BANNER ELK, NC US","2020-01-04",,,"0.28","0.0","0.0","57","46","46",,,,,,
"USC00310506","BANNER ELK, NC US","2020-01-05",,,"0.12","1.0","1.0","46","24","24",,,,,,
"USC00310506","BANNER ELK, NC US","2020-01-06",,,"0.00","0.0","0.0","41","24","31",,,,,,
"USC00310506","BANNER ELK, NC US","2020-01-07",,,"0.04","0.0","0.0","43","26","33",,,,,,
"USC00310506","BANNER ELK, NC US","2020-01-08",,,"0.12","0.0","0.0","39","29","30",,,,,,
"USC00310506","BANNER ELK, NC US","2020-01-09",,,"0.00","0.0","0.0","40","26","34",,,,,,
"USC00310506","BANNER ELK, NC US","2020-01-10",,,"0.00","0.0","0.0","46","34","46",,,,,,
"USC00310506","BANNER ELK, NC US","2020-01-11",,,"0.10","0.0","0.0","54","46","54",,,,,,
"USC00310506","BANNER ELK, NC US","2020-01-12",,,"1.38","0.0","0.0","60","43","43",,,,,,
"USC00310506","BANNER ELK, NC US","2020-01-13",,,"0.00","0.0","0.0","61","39","40",,,,,,
"USC00310506","BANNER ELK, NC US","2020-01-14",,,"0.01","0.0","0.0","61","40","50",,,,,,
"USC00310506","BANNER ELK, NC US","2020-01-15",,,"0.28","0.0","0.0","57","49","49",,,,,,
"USC00310506","BANNER ELK, NC US","2020-01-16",,,"0.09","0.0","0.0","56","42","42",,,,,,
"USC00310506","BANNER ELK, NC US","2020-01-17",,,"0.00","0.0","0.0","44","23","23",,,,,,
"USC00310506","BANNER ELK, NC US","2020-01-18",,,"0.00","0.0","0.0","42","23","32",,,,,,
"USC00310506","BANNER ELK, NC US","2020-01-19",,,"0.15","0.0","0.0","44","29","29",,,,,,
"USC00310506","BANNER ELK, NC US","2020-01-20",,,"0.03","1.0","1.0","29","13","13",,,,,,
"USC00310506","BANNER ELK, NC US","2020-01-21",,,"0.01","0.5","1.0","19","12","12",,,,,,
"USC00310506","BANNER ELK, NC US","2020-01-22",,,"0.00","0.0","0.0","25","10","13",,,,,,
"USC00310506","BANNER ELK, NC US","2020-01-23",,,"0.00","0.0","0.0","44","13","29",,,,,,
"USC00310506","BANNER ELK, NC US","2020-01-24",,,"0.09","0.0","0.0","43","29","41",,,,,,
"USC00310506","BANNER ELK, NC US","2020-01-25",,,"0.72","0.4","0.0","44","31","31",,,,,,
"USC00310506","BANNER ELK, NC US","2020-01-26",,,"0.01","0.3","1.0","31","25","25",,,,,,
"USC00310506","BANNER ELK, NC US","2020-01-27",,,"0.00","0.0","0.0","35","25","34",,,,,,
"USC00310506","BANNER ELK, NC US","2020-01-28",,,"0.18","1.0","1.0","35","30","30",,,,,,
"USC00310506","BANNER ELK, NC US","2020-01-29",,,"0.00","0.0","0.0","38","30","32",,,,,,
"USC00310506","BANNER ELK, NC US","2020-01-30",,,"0.06","0.6","1.0","41","32","33",,,,,,
"USC00310506","BANNER ELK, NC US","2020-01-31",,,"0.00","0.0","0.0","41","30","30",,,,,,
"USC00310506","BANNER ELK, NC US","2020-02-01",,,"0.07","0.0","0.0","36","29","34",,,,,,
"USC00310506","BANNER ELK, NC US","2020-02-02",,,"0.04","0.1","0.0","35","29","30",,,,,,
"USC00310506","BANNER ELK, NC US","2020-02-03",,,"0.00","0.0","0.0","51","30","35",,,,,,
"USC00310506","BANNER ELK, NC US","2020-02-04",,,"0.00","0.0","0.0","62","35","50",,,,,,
"USC00310506","BANNER ELK, NC US","2020-02-05",,,"0.12","0.0","0.0","55","47","53",,,,,,
"USC00310506","BANNER ELK, NC US","2020-02-06",,,"1.32","0.0","0.0","55","50","50",,,,,,
"USC00310506","BANNER ELK, NC US","2020-02-07",,,"2.05","0.5","0.0","55","27","27",,,,,,
"USC00310506","BANNER ELK, NC US","2020-02-08",,,"0.15","2.5","2.0","27","16","16",,,,,,
"USC00310506","BANNER ELK, NC US","2020-02-09",,,"0.10","1.0","2.0","29","16","21",,,,,,
"USC00310506","BANNER ELK, NC US","2020-02-10",,,"0.00","0.0","0.0","43","21","39",,,,,,
"USC00310506","BANNER ELK, NC US","2020-02-11",,,"0.33","0.0","0.0","52","39","52",,,,,,
"USC00310506","BANNER ELK, NC US","2020-02-12",,,"0.28","0.0","0.0","54","39","41",,,,,,
"USC00310506","BANNER ELK, NC US","2020-02-13",,,"0.60","0.0","0.0","53","41","51",,,,,,
"USC00310506","BANNER ELK, NC US","2020-02-14",,,"0.27","0.0","0.0","53","24","24",,,,,,
"USC00310506","BANNER ELK, NC US","2020-02-15",,,"0.00","0.0","0.0","30","13","15",,,,,,
"USC00310506","BANNER ELK, NC US","2020-02-16",,,"0.00","0.0","0.0","39","15","31",,,,,,
"USC00310506","BANNER ELK, NC US","2020-02-17",,,"0.00","0.0","0.0","45","27","27",,,,,,
"USC00310506","BANNER ELK, NC US","2020-02-18",,,"0.00","0.0","0.0","48","27","39",,,,,,
"USC00310506","BANNER ELK, NC US","2020-02-19",,,"0.12","0.0","0.0","53","35","35",,,,,,
"USC00310506","BANNER ELK, NC US","2020-02-20",,,"0.00","0.0","0.0","42","30","34",,,,,,
"USC00310506","BANNER ELK, NC US","2020-02-21",,,"0.20","2.5","2.0","34","16","16",,,,,,
"USC00310506","BANNER ELK, NC US","2020-02-22",,,"0.00","0.0","1.0","33","13","14",,,,,,
"USC00310506","BANNER ELK, NC US","2020-02-23",,,"0.00","0.0","0.0","48","14","21",,,,,,
"USC00310506","BANNER ELK, NC US","2020-02-24",,,"0.00","0.0","0.0","51","21","33",,,,,,
"USC00310506","BANNER ELK, NC US","2020-02-25",,,"0.48","0.0","0.0","44","33","37",,,,,,
"USC00310506","BANNER ELK, NC US","2020-02-26",,,"0.00","0.0","0.0","54","33","33",,,,,,
"USC00310506","BANNER ELK, NC US","2020-02-27",,,"0.25","2.0","2.0","53","19","19",,,,,,
"USC00310506","BANNER ELK, NC US","2020-02-28",,,"0.00","0.0","0.0","29","18","24",,,,,,
"USC00310506","BANNER ELK, NC US","2020-02-29",,,"0.15","3.0","3.0","30","20","20",,,,,,
"USC00310506","BANNER ELK, NC US","2020-03-03",,,"0.12","0.0","0.0","47","35","44",,,,,,
"USC00310506","BANNER ELK, NC US","2020-03-04",,,"0.44","0.0","0.0","54","38","38",,,,,,
"USC00310506","BANNER ELK, NC US","2020-03-10",,,"0.00","0.0","0.0","59","34",,,,,,,
"USC00310506","BANNER ELK, NC US","2020-03-11",,,"0.14","0.0","0.0","55","43","46",,,,,,
"USC00310506","BANNER ELK, NC US","2020-03-12",,,"0.00","0.0","0.0","60","43",,,,,,,
"USC00310506","BANNER ELK, NC US","2020-03-14",,,"0.01","0.0","0.0","59","41",,,,,,,
"USC00310506","BANNER ELK, NC US","2020-03-15",,,"0.08","0.0","0.0","57","41",,,,,,,
